sequence	antigen_score	probable_type
LTDEMIAQY	0.1043	NON-ANTIGEN
LLTDEMIAQY	-0.1976	NON-ANTIGEN
WTAGAAAYY	0.6306	ANTIGEN
STECSNLLLQY	0.5450	ANTIGEN
SSPDDQIGYY	0.4533	NON-ANTIGEN
YTNSFTRGVY	-0.3695	NON-ANTIGEN
ATSRTLSYY	0.6108	ANTIGEN
SSDNIALLV	0.3380	NON-ANTIGEN
TSNQVAVLY	0.4387	NON-ANTIGEN
YSSANNCTFEY	-0.0567	NON-ANTIGEN
YTNSFTRGVYY	-0.2398	NON-ANTIGEN
SSANNCTFEY	-0.0845	NON-ANTIGEN
NSSPDDQIGYY	0.5757	ANTIGEN
CVADYSVLY	-0.0293	NON-ANTIGEN
YANRNRFLY	0.0256	NON-ANTIGEN
NTSNQVAVLY	0.4403	NON-ANTIGEN
LSPRWYFYY	1.2832	ANTIGEN
LIDLQELGKY	0.7076	ANTIGEN
LADAGFIKQY	0.3679	NON-ANTIGEN
LTDEMIAQYT	0.2149	NON-ANTIGEN
VTPSGTWLTY	0.3409	NON-ANTIGEN
VAGDSGFAAY	0.5890	ANTIGEN
SANNCTFEY	-0.0924	NON-ANTIGEN
CNDPFLGVYY	0.4496	NON-ANTIGEN
CNDPFLGVY	0.4295	NON-ANTIGEN
FCNDPFLGVY	0.2713	NON-ANTIGEN
TDEMIAQY	-0.0762	NON-ANTIGEN
KTSVDCTMY	1.1824	ANTIGEN
VADYSVLY	0.2524	NON-ANTIGEN
NLDSKVGGNY	0.7882	ANTIGEN
SASFSTFKCY	0.3271	NON-ANTIGEN
LNDLCFTNVY	1.6134	ANTIGEN
NSFTRGVYY	-0.1877	NON-ANTIGEN
ATRFASVYA	0.0785	NON-ANTIGEN
TSRTLSYYK	0.4811	NON-ANTIGEN
RTRSMWSFN	1.4147	ANTIGEN
TTRTQLPPA	1.2540	ANTIGEN
ATSRTLSYYK	0.4317	NON-ANTIGEN
RNRFLYIIK	0.6346	ANTIGEN
KTFPPTEPK	0.7571	ANTIGEN
ITRFQTLLA	-0.3233	NON-ANTIGEN
RLFRKSNLK	-0.2829	NON-ANTIGEN
GTRNPANNA	-0.0002	NON-ANTIGEN
RARSVASQS	0.6325	ANTIGEN
KIYSKHTPI	0.7455	ANTIGEN
TLKSFTVEK	0.0809	NON-ANTIGEN
KTFPPTEPKK	0.7657	ANTIGEN
SSRGTSPAR	1.2455	ANTIGEN
ANRNRFLYI	0.5185	ANTIGEN
RVYSTGSNV	0.2636	NON-ANTIGEN
SSRSSSRSR	1.2286	ANTIGEN
RTATKAYNV	0.6395	ANTIGEN
VTKKSAAEA	0.5016	ANTIGEN
LIRQGTDYK	0.0836	NON-ANTIGEN
SSRSRNSSR	1.1218	ANTIGEN
RYRIGNYKL	-0.0107	NON-ANTIGEN
GVYYHKNNK	0.8264	ANTIGEN
RLFARTRSM	0.1998	NON-ANTIGEN
KQIYKTPPIK	-0.0905	NON-ANTIGEN
RASANLAATK	0.6339	ANTIGEN
RAAEIRASA	0.2752	NON-ANTIGEN
ASANLAATK	0.7014	ANTIGEN
AARDLICAQK	0.6670	ANTIGEN
RIRGGDGKMK	0.6300	ANTIGEN
KCYGVSPTK	1.4199	ANTIGEN
KSTNLVKNK	0.8596	ANTIGEN
KAHFPREGV	-0.5521	NON-ANTIGEN
VTYVPAQEK	0.8132	ANTIGEN
GVYFASTEK	0.7112	ANTIGEN
ASVYAWNRK	0.5788	ANTIGEN
MTSCCSCLK	0.4270	NON-ANTIGEN
NSASFSTFK	0.1232	NON-ANTIGEN
VFKNIDGYFK	-0.5666	NON-ANTIGEN
RTQLPPAYT	1.2195	ANTIGEN
KNLREFVFK	-0.5146	NON-ANTIGEN
KSAAEASKK	0.7679	ANTIGEN
QIYKTPPIK	-0.0833	NON-ANTIGEN
HLRIAGHHL	0.2446	NON-ANTIGEN
SSTASALGK	0.6215	ANTIGEN
RQIAPGQTGK	1.7893	ANTIGEN
VTKKSAAEASK	0.5109	ANTIGEN
AGLPYGANK	0.2631	NON-ANTIGEN
LQPRTFLLK	0.0371	NON-ANTIGEN
RLQSLQTYV	-0.2167	NON-ANTIGEN
RIAGHHLGR	-0.4947	NON-ANTIGEN
ASAFFGMSR	0.3153	NON-ANTIGEN
FAQVKQIYK	0.1399	NON-ANTIGEN
LNKHIDAYK	-0.9872	NON-ANTIGEN
AQALNTLVK	-0.2279	NON-ANTIGEN
AQFAPSASAF	0.5986	ANTIGEN
RVYSTGSNVF	-0.1018	NON-ANTIGEN
RQKRTATKAY	0.2928	NON-ANTIGEN
SQRVAGDSGF	0.1522	NON-ANTIGEN
AQFAPSASAFF	0.4775	NON-ANTIGEN
LQIPFAMQMAY	1.0701	ANTIGEN
KAYNVTQAF	0.5669	ANTIGEN
LLNKHIDAY	-0.3003	NON-ANTIGEN
LVKQLSSNF	-0.3212	NON-ANTIGEN
LQIPFAMQM	1.0680	ANTIGEN
WLSYFIASF	-0.1644	NON-ANTIGEN
RVAGDSGFAAY	0.3374	NON-ANTIGEN
LQPRTFLLKY	0.0494	NON-ANTIGEN
AQKFNGLTVL	0.1412	NON-ANTIGEN
STQDLFLPF	0.6619	ANTIGEN
SVASQSIIAY	0.2707	NON-ANTIGEN
LQYGSFCTQL	1.4443	ANTIGEN
VLYNSASFSTF	0.0273	NON-ANTIGEN
SVLYNSASF	0.1857	NON-ANTIGEN
KMKDLSPRWY	1.5032	ANTIGEN
SLGAENSVAY	0.6175	ANTIGEN
FVFKNIDGYF	0.1142	NON-ANTIGEN
WMESEFRVY	0.2698	NON-ANTIGEN
MIAQYTSAL	0.1114	NON-ANTIGEN
LLWPVTLACF	0.9864	ANTIGEN
SQSIIAYTM	0.2614	NON-ANTIGEN
AMACLVGLM	0.6251	ANTIGEN
QSAPHGVVF	0.2234	NON-ANTIGEN
RVYSSANNCTF	-0.2444	NON-ANTIGEN
YSSANNCTF	-0.1036	NON-ANTIGEN
TVATSRTLSY	0.8259	ANTIGEN
VLKGVKLHY	1.2378	ANTIGEN
FVFKNIDGY	-0.1304	NON-ANTIGEN
NQRNAPRITF	0.8505	ANTIGEN
TLLALHRSY	0.8009	ANTIGEN
ASFSTFKCY	0.2795	NON-ANTIGEN
VASQSIIAY	0.1366	NON-ANTIGEN
IGAGICASY	0.6368	ANTIGEN
ILLNKHIDAY	-0.1743	NON-ANTIGEN
YNSASFSTF	0.3005	NON-ANTIGEN
VLHSTQDLF	0.1734	NON-ANTIGEN
YSRYRIGNY	0.3996	NON-ANTIGEN
KQIYKTPPI	0.2705	NON-ANTIGEN
KLNDLCFTNVY	2.2239	ANTIGEN
SIIAYTMSL	0.5234	ANTIGEN
GTITSGWTF	0.3272	NON-ANTIGEN
QIITTDNTF	0.4253	NON-ANTIGEN
RISNCVADY	-0.5375	NON-ANTIGEN
LQLPQGTTL	0.0480	NON-ANTIGEN
FAYANRNRF	0.7785	ANTIGEN
LVRDLPQGF	0.1234	NON-ANTIGEN
GAAAYYVGY	0.6604	ANTIGEN
LGAENSVAY	0.4173	NON-ANTIGEN
FQPTNGVGY	0.3114	NON-ANTIGEN
RSFIEDLLF	-0.5782	NON-ANTIGEN
QLTPTWRVY	1.2119	ANTIGEN
TQLPPAYTNSF	0.3835	NON-ANTIGEN
RSVASQSIIAY	-0.0404	NON-ANTIGEN
VATSRTLSY	0.9457	ANTIGEN
MSLGAENSVAY	0.7925	ANTIGEN
GQTGKIADY	1.4019	ANTIGEN
LQFAYANRNRF	1.0824	ANTIGEN
FAMQMAYRF	1.0278	ANTIGEN
RQKKQQTVTL	0.7542	ANTIGEN
SGFAAYSRY	0.9471	ANTIGEN
AQKFNGLTV	0.1405	NON-ANTIGEN
FTNVYADSF	-0.5651	NON-ANTIGEN
VIGIVNNTVY	0.6852	ANTIGEN
NQKLIANQF	-0.4784	NON-ANTIGEN
FVSNGTHWF	0.0807	NON-ANTIGEN
GVVFLHVTY	1.4104	ANTIGEN
AQFAPSASA	0.7468	ANTIGEN
VLPFNDGVY	0.4642	NON-ANTIGEN
FSKQLQQSM	0.1526	NON-ANTIGEN
GVYYPDKVF	0.0652	NON-ANTIGEN
QLPPAYTNSF	0.3474	NON-ANTIGEN
FAPSASAFF	0.2642	NON-ANTIGEN
NLCPFGEVF	0.1999	NON-ANTIGEN
LVKNKCVNF	1.3263	ANTIGEN
MSFPQSAPH	0.0069	NON-ANTIGEN
FERDISTEIY	-0.7585	NON-ANTIGEN
VQPTESIVRF	-0.0212	NON-ANTIGEN
LQTYVTQQL	-0.2061	NON-ANTIGEN
VVIGIVNNTVY	0.8811	ANTIGEN
GTGPEAGLPY	0.0380	NON-ANTIGEN
SLSSTASAL	0.7716	ANTIGEN
KSFTVEKGIY	0.0585	NON-ANTIGEN
IGIVNNTVY	0.9758	ANTIGEN
SGWTAGAAAY	0.2756	NON-ANTIGEN
RLNQLESKM	0.5632	ANTIGEN
RMAGNGGDAAL	0.3772	NON-ANTIGEN
RLQSLQTY	0.0589	NON-ANTIGEN
CLVGLMWLSY	1.0255	ANTIGEN
LQELGKYEQY	0.4702	NON-ANTIGEN
SLIDLQELGKY	0.8285	ANTIGEN
GLMWLSYFI	0.2537	NON-ANTIGEN
YLQPRTFLL	0.4532	NON-ANTIGEN
FIAGLIAIV	0.3162	NON-ANTIGEN
KLLEQWNLV	0.2095	NON-ANTIGEN
FVLAAVYRI	0.5136	ANTIGEN
KLNDLCFTNV	2.6927	ANTIGEN
FQFCNDPFL	-0.2493	NON-ANTIGEN
LLLDRLNQL	0.1566	NON-ANTIGEN
TLACFVLAAV	1.2318	ANTIGEN
FVSNGTHWFV	-0.1079	NON-ANTIGEN
LLFNKVTLA	0.6150	ANTIGEN
FLWLLWPV	0.8504	ANTIGEN
FLWLLWPVTL	0.9162	ANTIGEN
FLFLTWICLL	1.1459	ANTIGEN
VVFLHVTYV	1.5122	ANTIGEN
VLNDILSRL	-0.8524	NON-ANTIGEN
KIADYNYKL	1.6639	ANTIGEN
KLLEQWNLVI	0.1669	NON-ANTIGEN
YIWLGFIAGL	0.5798	ANTIGEN
TLACFVLAA	1.1932	ANTIGEN
LIFLWLLWPV	0.5633	ANTIGEN
LLWPVTLACFV	0.8180	ANTIGEN
SMWSFNPET	0.7633	ANTIGEN
WLLWPVTLA	1.0631	ANTIGEN
GLMWLSYFIA	0.2752	NON-ANTIGEN
FLHVTYVPA	1.3346	ANTIGEN
FQFCNDPFLGV	0.3954	NON-ANTIGEN
HLMSFPQSA	-0.0681	NON-ANTIGEN
SMWSFNPETNI	0.5447	ANTIGEN
GMSRIGMEV	0.6287	ANTIGEN
RLDKVEAEV	0.0765	NON-ANTIGEN
KLPDDFTGCV	-0.5308	NON-ANTIGEN
FIASFRLFA	-0.2267	NON-ANTIGEN
FLYIIKLIFL	0.5871	ANTIGEN
FLWLLWPVT	0.8937	ANTIGEN
FIEDLLFNKV	-0.2105	NON-ANTIGEN
FTISVTTEI	0.8535	ANTIGEN
FLFLTWICL	1.4835	ANTIGEN
FVFLVLLPLV	0.8044	ANTIGEN
YQDVNCTEV	1.6172	ANTIGEN
NLNESLIDL	0.6827	ANTIGEN
AIAMACLVGL	0.9851	ANTIGEN
GLTVLPPLL	0.6621	ANTIGEN
LMWLSYFIA	0.3601	NON-ANTIGEN
LLLLDRLNQL	0.5158	ANTIGEN
VLSFELLHA	1.0776	ANTIGEN
VLLPLVSSQCV	0.5251	ANTIGEN
IAMACLVGL	1.1306	ANTIGEN
FVFLVLLPL	0.8601	ANTIGEN
GLIAIVMVTI	1.0813	ANTIGEN
VTWFHAIHV	0.5426	ANTIGEN
VLYQDVNCTEV	0.9566	ANTIGEN
SVTTEILPV	0.8441	ANTIGEN
RLITGRLQSL	-0.4624	NON-ANTIGEN
NLCPFGEVFNA	0.2222	NON-ANTIGEN
LLIVNNATNV	0.4718	NON-ANTIGEN
TLDSKTQSL	1.0685	ANTIGEN
YLGTGPEAGL	0.6066	ANTIGEN
KLIANQFNSA	-0.4508	NON-ANTIGEN
VLYNSASFST	0.1914	NON-ANTIGEN
RLNEVAKNL	0.1820	NON-ANTIGEN
ILLNVPLHGT	-0.3665	NON-ANTIGEN
VLHSTQDLFL	0.3211	NON-ANTIGEN
NLVIGFLFL	1.2917	ANTIGEN
LLPLVSSQCV	0.7538	ANTIGEN
MIAQYTSALL	0.1831	NON-ANTIGEN
SVLNDILSRL	-0.7401	NON-ANTIGEN
GLIAIVMVT	1.0885	ANTIGEN
FVSGNCDVV	-0.1537	NON-ANTIGEN
ALALLLLDRL	0.5154	ANTIGEN
YTNSFTRGV	-0.6177	NON-ANTIGEN
LVIGFLFLT	1.2619	ANTIGEN
RVVVLSFEL	1.1918	ANTIGEN
LLALHRSYL	0.5241	ANTIGEN
VLYENQKLI	0.4361	NON-ANTIGEN
LLWPVTLAC	0.8193	ANTIGEN
ELLHAPATV	0.2109	NON-ANTIGEN
GIYQTSNFRV	0.3880	NON-ANTIGEN
KLPDDFTGC	-0.5952	NON-ANTIGEN
FSTFKCYGV	0.4140	NON-ANTIGEN
ITSGWTFGA	0.4577	NON-ANTIGEN
LACFVLAAV	1.1825	ANTIGEN
IITTDNTFV	0.4733	NON-ANTIGEN
SLQTYVTQQL	-0.0683	NON-ANTIGEN
NTQEVFAQV	0.1970	NON-ANTIGEN
IPFAMQMAY	1.4278	ANTIGEN
LPFNDGVYF	0.5593	ANTIGEN
FPNITNLCPF	1.3964	ANTIGEN
TPSGTWLTY	0.1452	NON-ANTIGEN
FPQSAPHGVVF	-0.0734	NON-ANTIGEN
NATRFASVY	-0.0081	NON-ANTIGEN
LPNNTASWF	-0.0835	NON-ANTIGEN
LPFFSNVTWF	0.6567	ANTIGEN
LPIGINITRF	1.3027	ANTIGEN
LPAADLDDF	0.1864	NON-ANTIGEN
LPFFSNVTW	1.0808	ANTIGEN
LPPAYTNSF	0.3775	NON-ANTIGEN
IPIGAGICASY	0.9474	ANTIGEN
WPWYIWLGF	1.4953	ANTIGEN
LPQGTTLPKGF	0.2059	NON-ANTIGEN
LPFNDGVY	0.5627	ANTIGEN
QPTESIVRF	-0.5551	NON-ANTIGEN
SPDDQIGYY	0.4863	NON-ANTIGEN
FPREGVFVS	0.5509	ANTIGEN
LPPLLTDEM	0.4723	NON-ANTIGEN
FPRGQGVPI	0.7585	ANTIGEN
AALQIPFAM	0.7747	ANTIGEN
IPTNFTISV	0.8820	ANTIGEN
FPLQSYGF	0.4659	NON-ANTIGEN
WTFGAGAAL	0.4918	NON-ANTIGEN
NPVLPFNDGVY	0.3562	NON-ANTIGEN
IAIVMVTIM	1.1339	ANTIGEN
TPCNGVEGF	-0.3772	NON-ANTIGEN
NCYFPLQSY	0.8743	ANTIGEN
NGVEGFNCY	0.7783	ANTIGEN
LPKEITVAT	0.2798	NON-ANTIGEN
QPRTFLLKY	-0.5552	NON-ANTIGEN
QFAPSASAF	0.5495	ANTIGEN
AEIRASANL	0.7082	ANTIGEN
FEYVSQPFL	0.6324	ANTIGEN
SELVIGAVIL	0.6521	ANTIGEN
SELVIGAVI	0.6409	ANTIGEN
MEVTPSGTWL	0.6342	ANTIGEN
FERDISTEI	-0.7442	NON-ANTIGEN
FEYVSQPFLM	0.6982	ANTIGEN
KEITVATSRTL	0.5818	ANTIGEN
VEAEVQIDRL	-0.0267	NON-ANTIGEN
AEVQIDRLI	-0.5562	NON-ANTIGEN
KEIDRLNEV	0.5300	ANTIGEN
GEVFNATRF	-0.1511	NON-ANTIGEN
NESLIDLQEL	0.9601	ANTIGEN
LEPLVDLPI	-0.0069	NON-ANTIGEN
IEDLLFNKVTL	0.4751	NON-ANTIGEN
SEPVLKGVKL	1.0654	ANTIGEN
CEFQFCNDPF	-0.6637	NON-ANTIGEN
LESELVIGAVI	0.6757	ANTIGEN
YEQYIKWPW	0.8690	ANTIGEN
MEVTPSGTW	0.7550	ANTIGEN
TEKSNIIRGW	-0.7651	NON-ANTIGEN
SETKCTLKSF	0.6433	ANTIGEN
EELKKLLEQW	-1.3465	NON-ANTIGEN
YEQYIKWPWY	0.9832	ANTIGEN
TECSNLLLQY	0.3653	NON-ANTIGEN
LEQWNLVIGF	1.0564	ANTIGEN
TESNKKFLPF	1.0405	ANTIGEN
QELGKYEQY	0.5043	ANTIGEN
QEVFAQVKQI	0.1829	NON-ANTIGEN
QEVFAQVKQIY	0.1225	NON-ANTIGEN
QELIRQGTDY	-0.3589	NON-ANTIGEN
QELGKYEQYI	0.3439	NON-ANTIGEN
MESEFRVY	0.3719	NON-ANTIGEN
REFVFKNIDGY	-0.4699	NON-ANTIGEN
IAIPTNFTI	0.7052	ANTIGEN
LPLVSSQCV	0.8267	ANTIGEN
MACLVGLMW	0.7889	ANTIGEN
HADQLTPTW	0.3807	NON-ANTIGEN
LAGTITSGW	0.3218	NON-ANTIGEN
LPNNTASW	-0.0830	NON-ANTIGEN
TPGDSSSGW	0.1330	NON-ANTIGEN
LAAVYRINW	1.4322	ANTIGEN
LTPGDSSSGW	0.7035	ANTIGEN
YLTPGDSSSGW	0.6240	ANTIGEN
YIIKLIFLW	0.1245	NON-ANTIGEN
SPTKLNDLCF	2.2412	ANTIGEN
YGANKDGIIW	-0.5336	NON-ANTIGEN
LPDDFTGCVI	-0.3737	NON-ANTIGEN
ATRFASVYAW	-0.1278	NON-ANTIGEN
KSNIIRGWIF	-1.2675	NON-ANTIGEN
IAMACLVGLMW	0.9645	ANTIGEN
RLFARTRSMW	0.2975	NON-ANTIGEN
KSNIIRGW	-1.6276	NON-ANTIGEN
KMKDLSPRW	1.7462	ANTIGEN
VLAAVYRINW	1.1808	ANTIGEN
RTRSMWSF	1.4716	ANTIGEN
AMACLVGLMW	0.7316	ANTIGEN
NATRFASVYAW	-0.1386	NON-ANTIGEN
IGMEVTPSGTW	0.9722	ANTIGEN
LVIGFLFLTW	1.3639	ANTIGEN
STEKSNIIRGW	-0.6500	NON-ANTIGEN
LLAGTITSGW	0.3590	NON-ANTIGEN
HSTQDLFLPF	0.5162	ANTIGEN
LGKYEQYIKW	0.8000	ANTIGEN
KSWMESEFRVY	0.0935	NON-ANTIGEN
GVFVSNGTHW	0.5320	ANTIGEN
GANKDGIIW	-0.6134	NON-ANTIGEN
IHADQLTPTW	0.2628	NON-ANTIGEN
LAGTITSGWTF	0.4020	NON-ANTIGEN
KLIFLWLLW	0.4968	NON-ANTIGEN
KTSVDCTMYI	0.9345	ANTIGEN
HSTQDLFLPFF	0.2194	NON-ANTIGEN
YIKWPWYIW	0.9673	ANTIGEN
QGLPNNTASW	0.1111	NON-ANTIGEN
RSVASQSII	-0.2412	NON-ANTIGEN
FVLAAVYRINW	1.2580	ANTIGEN
KSFTVEKGI	0.0337	NON-ANTIGEN
FLPFFSNVTW	0.8835	ANTIGEN
VIGFLFLTW	1.1465	ANTIGEN
NSIAIPTNF	0.1744	NON-ANTIGEN
AIHADQLTPTW	0.3814	NON-ANTIGEN
LTWICLLQF	1.1393	ANTIGEN
VSNGTHWFV	-0.1239	NON-ANTIGEN
QTYVTQQLI	-0.1881	NON-ANTIGEN
TSVDCTMYI	0.7328	ANTIGEN
FTGCVIAW	-0.7149	NON-ANTIGEN
KVGGNYNYLY	0.5338	ANTIGEN
VATSRTLSYY	0.7297	ANTIGEN
VGGNYNYLY	0.7432	ANTIGEN
AYANRNRFLY	0.1565	NON-ANTIGEN
GWTAGAAAYY	0.5358	ANTIGEN
GTTLPKGFY	0.0225	NON-ANTIGEN
SGWTAGAAAYY	0.3170	NON-ANTIGEN
HWFVTQRNFY	0.6677	ANTIGEN
RVDFCGKGY	0.3717	NON-ANTIGEN
TNSFTRGVY	-0.4040	NON-ANTIGEN
AYSRYRIGNY	0.5540	ANTIGEN
TVATSRTLSYY	0.6582	ANTIGEN
KNIDGYFKIY	-0.3249	NON-ANTIGEN
SSGWTAGAAAY	0.2976	NON-ANTIGEN
IGAEHVNNSY	1.2671	ANTIGEN
AGDSGFAAY	0.9095	ANTIGEN
GFQPTNGVGY	0.5547	ANTIGEN
SWMESEFRVY	0.3861	NON-ANTIGEN
AAYSRYRIGNY	0.6496	ANTIGEN
QTLLALHRSY	0.5596	ANTIGEN
MTKTSVDCTMY	1.1467	ANTIGEN
TTRTQLPPAY	1.2001	ANTIGEN
VFAQVKQIY	0.4311	NON-ANTIGEN
KRVDFCGKGY	1.3087	ANTIGEN
IGVTQNVLY	0.6715	ANTIGEN
KVFRSSVLH	-0.6913	NON-ANTIGEN
QTGKIADYNY	1.5116	ANTIGEN
LVGLMWLSY	1.0633	ANTIGEN
ITVATSRTLSY	0.8622	ANTIGEN
TGKIADYNY	1.5305	ANTIGEN
DLSPRWYFY	1.7645	ANTIGEN
YLQPRTFLLKY	-0.0073	NON-ANTIGEN
WFVTQRNFY	0.7376	ANTIGEN
QLNRALTGI	0.0080	NON-ANTIGEN
MQMAYRFNGI	0.8425	ANTIGEN
GVVFLHVTYV	1.4551	ANTIGEN
QMAYRFNGI	0.6803	ANTIGEN
FIAGLIAIVM	0.3676	NON-ANTIGEN
QLSSNFGAI	0.8501	ANTIGEN
AIPTNFTISV	0.8945	ANTIGEN
TQLNRALTGI	0.2187	NON-ANTIGEN
GIAIAMACLV	1.0674	ANTIGEN
LIVNNATNV	0.1942	NON-ANTIGEN
LIANQFNSAI	-0.0914	NON-ANTIGEN
ALNTLVKQL	-0.5716	NON-ANTIGEN
VVIGIVNNTV	0.9884	ANTIGEN
LIANQFNSA	0.0376	NON-ANTIGEN
ILRGHLRIA	0.5057	ANTIGEN
QLQQSMSSA	0.3180	NON-ANTIGEN
TMSLGAENSV	0.5994	ANTIGEN
RINWITGGI	1.4580	ANTIGEN
AISSVLNDI	0.0479	NON-ANTIGEN
GINASVVNI	0.6867	ANTIGEN
TLLALHRSYL	0.5823	ANTIGEN
KQLSSNFGAI	0.5841	ANTIGEN
FLPFFSNVT	0.4400	NON-ANTIGEN
KLQDVVNQNA	0.5204	ANTIGEN
VVLSFELLHA	1.2598	ANTIGEN
MAYRFNGIGV	1.3523	ANTIGEN
LLAGTITSG	0.4552	NON-ANTIGEN
IVNNATNVV	0.1659	NON-ANTIGEN
WLGFIAGLI	0.1544	NON-ANTIGEN
FNATRFASV	0.5609	ANTIGEN
NLREFVFKNI	-0.0209	NON-ANTIGEN
WITGGIAIA	0.8209	ANTIGEN
NTASWFTAL	-0.0708	NON-ANTIGEN
TLSYYKLGA	0.8711	ANTIGEN
EMIAQYTSA	0.0727	NON-ANTIGEN
LIVNNATNVV	0.1703	NON-ANTIGEN
VLYENQKLIA	0.4232	NON-ANTIGEN
YVSQPFLMDL	0.2969	NON-ANTIGEN
YTSALLAGT	0.5487	ANTIGEN
FTISVTTEIL	0.5849	ANTIGEN
LIAIVMVTI	1.1121	ANTIGEN
SMSSADSTQA	0.7543	ANTIGEN
SIAIPTNFTI	0.7149	ANTIGEN
LLNVPLHGT	-0.2125	NON-ANTIGEN
DLFLPFFSNV	-0.1949	NON-ANTIGEN
ITPCSFGGV	1.3871	ANTIGEN
ALGKLQDVV	0.6335	ANTIGEN
LITGRLQSL	0.8238	ANTIGEN
GIAIAMACL	1.2059	ANTIGEN
SAFFGMSRI	0.4244	NON-ANTIGEN
SVAYSNNSI	0.8783	ANTIGEN
QIITTDNTFV	0.3458	NON-ANTIGEN
RMAGNGGDAA	0.4426	NON-ANTIGEN
IAIAMACLV	1.1704	ANTIGEN
TVYDPLQPEL	0.4913	NON-ANTIGEN
SNFGAISSV	1.1296	ANTIGEN
FVSGNCDVVI	-0.0690	NON-ANTIGEN
VIGIVNNTV	0.7774	ANTIGEN
KIQDSLSSTA	0.6096	ANTIGEN
FCNDPFLGV	0.4693	NON-ANTIGEN
KLPDDFTGCVI	-0.3751	NON-ANTIGEN
KQYGDCLGDI	0.2441	NON-ANTIGEN
VLYQDVNCT	0.9146	ANTIGEN
WTAGAAAYYV	0.5371	ANTIGEN
KQLSSNFGA	0.3753	NON-ANTIGEN
AQYTSALLA	0.5732	ANTIGEN
FIAGLIAIVMV	0.5307	ANTIGEN
FQTRAGCLI	1.7332	ANTIGEN
QTVTLLPAA	0.6871	ANTIGEN
NVYADSFVI	-0.5617	NON-ANTIGEN
VTLACFVLA	1.4562	ANTIGEN
TTLPKGFYA	-0.3102	NON-ANTIGEN
SANNCTFEYV	0.0177	NON-ANTIGEN
AVDCALDPL	0.6604	ANTIGEN
YGFQPTNGV	1.0509	ANTIGEN
TAGAAAYYV	0.6397	ANTIGEN
MSLGAENSV	0.8730	ANTIGEN
AQVKQIYKT	0.2758	NON-ANTIGEN
SALGKLQDV	0.8291	ANTIGEN
ITDAVDCAL	0.5260	ANTIGEN
YVTQQLIRA	-0.2814	NON-ANTIGEN
SNVTWFHAI	0.4892	NON-ANTIGEN
MSFPQSAPHGV	0.1413	NON-ANTIGEN
MADSNGTITV	0.4240	NON-ANTIGEN
IIWVATEGA	0.5150	ANTIGEN
KVGGNYNYL	0.5994	ANTIGEN
YLQPRTFLLK	-0.0183	NON-ANTIGEN
LLNKHIDAYK	-0.5664	NON-ANTIGEN
KMSECVLGQSK	0.1391	NON-ANTIGEN
CTLKSFTVEK	0.0174	NON-ANTIGEN
LSYFIASFR	0.3283	NON-ANTIGEN
HVTYVPAQEK	1.0786	ANTIGEN
WIFGTTLDSK	0.6625	ANTIGEN
SLIDLQELGK	1.0275	ANTIGEN
QLPQGTTLPK	0.1299	NON-ANTIGEN
SLSSTASALGK	0.8160	ANTIGEN
CMTSCCSCLK	0.2270	NON-ANTIGEN
VTLADAGFIK	0.8702	ANTIGEN
RSFIEDLLFNK	-0.4978	NON-ANTIGEN
SVYAWNRKR	0.7650	ANTIGEN
TLADAGFIK	0.5781	ANTIGEN
LSSTASALGK	0.7463	ANTIGEN
VLNDILSRLDK	-0.5905	NON-ANTIGEN
KVTLADAGFIK	0.8594	ANTIGEN
GIYQTSNFR	0.5380	ANTIGEN
GVYYPDKVFR	-0.1378	NON-ANTIGEN
ILPDPSKPSK	-0.0975	NON-ANTIGEN
KLDDKDPNFK	2.1298	ANTIGEN
ATEGALNTPK	-0.3602	NON-ANTIGEN
QIAPGQTGK	1.8297	ANTIGEN
GINASVVNIQK	0.6910	ANTIGEN
FTALTQHGK	0.8510	ANTIGEN
FVFKNIDGYFK	0.1624	NON-ANTIGEN
YNSASFSTFK	0.2612	NON-ANTIGEN
TTEILPVSMTK	1.3503	ANTIGEN
GTITVEELK	1.0976	ANTIGEN
SASAFFGMSR	0.3129	NON-ANTIGEN
GTHWFVTQR	0.0723	NON-ANTIGEN
GTITVEELKK	0.7354	ANTIGEN
GSFCTQLNR	0.9306	ANTIGEN
EILPVSMTK	1.6842	ANTIGEN
SVLNDILSR	-0.7223	NON-ANTIGEN
ANQFNSAIGK	-0.1068	NON-ANTIGEN
SFIEDLLFNK	-0.2244	NON-ANTIGEN
GVLTESNKK	0.8797	ANTIGEN
TTAPAICHDGK	0.0751	NON-ANTIGEN
VTQNVLYENQK	0.3734	NON-ANTIGEN
NQFNSAIGK	-0.1202	NON-ANTIGEN
QTGKIADYNYK	1.7077	ANTIGEN
NTQEVFAQVK	0.5676	ANTIGEN
STGSNVFQTR	0.5411	ANTIGEN
GTGVLTESNK	0.7166	ANTIGEN
CALDPLSETK	0.9226	ANTIGEN
VFAQVKQIYK	0.1200	NON-ANTIGEN
GTWLTYTGAIK	0.4383	NON-ANTIGEN
FIEDLLFNK	-0.2768	NON-ANTIGEN
IVNNATNVVIK	0.2274	NON-ANTIGEN
LVIGAVILR	1.1027	ANTIGEN
SSVLNDILSR	-0.5841	NON-ANTIGEN
EVFAQVKQIYK	-0.0844	NON-ANTIGEN
SQILPDPSK	-0.1627	NON-ANTIGEN
IANQFNSAIGK	0.0368	NON-ANTIGEN
MSECVLGQSK	0.1198	NON-ANTIGEN
FASVYAWNRK	0.5868	ANTIGEN
NASVVNIQK	0.8372	ANTIGEN
LQLPQGTTLPK	0.0802	NON-ANTIGEN
ALDPLSETK	1.2241	ANTIGEN
SSQCVNLTTR	1.6064	ANTIGEN
FTRGVYYPDK	0.5997	ANTIGEN
INASVVNIQK	0.7329	ANTIGEN
QQQGQTVTK	0.6709	ANTIGEN
KSWMESEFR	0.4287	NON-ANTIGEN
FSQILPDPSK	-0.2825	NON-ANTIGEN
AVILRGHLR	0.3371	NON-ANTIGEN
ASYQTQTNSPR	0.1224	NON-ANTIGEN
STASALGK	0.6931	ANTIGEN
TQALPQRQK	0.7432	ANTIGEN
VVLSFELLH	1.4090	ANTIGEN
HAPATVCGPK	-0.3263	NON-ANTIGEN
KSNLKPFER	0.9490	ANTIGEN
GTGVLTESNKK	0.8279	ANTIGEN
TITVEELKK	0.5701	ANTIGEN
IASFRLFAR	0.0646	NON-ANTIGEN
SYFIASFRLF	-0.0998	NON-ANTIGEN
QYIKWPWYI	1.4177	ANTIGEN
YFIASFRLF	-0.1142	NON-ANTIGEN
KWPWYIWLGF	1.3904	ANTIGEN
LYNSASFSTF	0.0707	NON-ANTIGEN
MWLSYFIASF	-0.1104	NON-ANTIGEN
QYIKWPWYIW	0.9185	ANTIGEN
CYFPLQSYGF	0.7776	ANTIGEN
SYFIASFRL	0.4821	NON-ANTIGEN
YYVGYLQPRTF	0.8985	ANTIGEN
QWNLVIGFLF	1.2302	ANTIGEN
NYNYLYRLF	-0.1480	NON-ANTIGEN
RFLYIIKLIF	0.4137	NON-ANTIGEN
LWLLWPVTL	0.7197	ANTIGEN
LYIIKLIFLW	0.2645	NON-ANTIGEN
VYSSANNCTF	-0.1475	NON-ANTIGEN
YFPLQSYGF	0.5107	ANTIGEN
RFPNITNLCPF	1.2972	ANTIGEN
GYLQPRTFLL	0.7535	ANTIGEN
LWPVTLACF	1.1590	ANTIGEN
VFVSNGTHWF	0.0625	NON-ANTIGEN
KYEQYIKWPW	1.0411	ANTIGEN
PYRVVVLSF	1.0281	ANTIGEN
RFLYIIKLI	0.4257	NON-ANTIGEN
IWLGFIAGLI	0.2883	NON-ANTIGEN
TYVPAQEKNF	0.7276	ANTIGEN
QFAPSASAFF	0.4190	NON-ANTIGEN
PFFSNVTWF	0.6638	ANTIGEN
LYIIKLIFL	0.4865	NON-ANTIGEN
VYSTGSNVF	-0.3099	NON-ANTIGEN
HWFVTQRNF	0.7460	ANTIGEN
IYQTSNFRV	0.3109	NON-ANTIGEN
YYHKNNKSW	0.4536	NON-ANTIGEN
LFLPFFSNVTW	0.5573	ANTIGEN
VFVSNGTHW	0.3438	NON-ANTIGEN
CFTNVYADSF	-0.1717	NON-ANTIGEN
EYVSQPFLM	0.2605	NON-ANTIGEN
VYFASTEKSNI	0.8809	ANTIGEN
VFKNIDGYF	-0.7572	NON-ANTIGEN
VYYHKNNKSW	0.4497	NON-ANTIGEN
IYKTPPIKDF	-0.1626	NON-ANTIGEN
KFLPFQQF	0.4355	NON-ANTIGEN
TWLTYTGAI	0.5439	ANTIGEN
IWLGFIAGL	0.3757	NON-ANTIGEN
YYRRATRRI	-0.6565	NON-ANTIGEN
RFDNPVLPF	0.1828	NON-ANTIGEN
IYSKHTPINL	1.2064	ANTIGEN
TFEYVSQPF	0.6641	ANTIGEN
LFLTWICLL	0.8734	ANTIGEN
NFKNLREFVF	0.4735	NON-ANTIGEN
SWMESEFRV	0.6510	ANTIGEN
LFARTRSMW	0.8560	ANTIGEN
EVFAQVKQIY	0.1621	NON-ANTIGEN
ETKCTLKSF	0.8720	ANTIGEN
EVTPSGTWLTY	0.6364	ANTIGEN
RFASVYAWNR	0.0493	NON-ANTIGEN
KFLPFQQFGR	0.4410	NON-ANTIGEN
RFQTLLALHR	0.3353	NON-ANTIGEN
SGFAAYSRYR	1.0034	ANTIGEN
ASFRLFARTR	0.6237	ANTIGEN
YNYLYRLFR	-0.8692	NON-ANTIGEN
VYYPDKVFR	-0.1968	NON-ANTIGEN
IGYYRRATR	0.8880	ANTIGEN
KQGNFKNLR	0.8090	ANTIGEN
NYNYLYRLFR	-0.3934	NON-ANTIGEN
FIASFRLFAR	0.0220	NON-ANTIGEN
AYYVGYLQPR	1.3309	ANTIGEN
SFRLFARTR	0.7038	ANTIGEN
GYYRRATRR	-0.4627	NON-ANTIGEN
KAYNVTQAFGR	0.1447	NON-ANTIGEN
WLSYFIASFR	0.2266	NON-ANTIGEN
KGIYQTSNFR	0.3992	NON-ANTIGEN
GFAAYSRYR	1.2734	ANTIGEN
QTNSPRRAR	-0.1180	NON-ANTIGEN
SYYKLGASQR	0.7559	ANTIGEN
AYNVTQAFGR	0.0315	NON-ANTIGEN
LLQFAYANR	1.0234	ANTIGEN
ASVYAWNRKR	0.6453	ANTIGEN
YYVGYLQPR	1.4692	ANTIGEN
VYADSFVIR	-0.2347	NON-ANTIGEN
SYQTQTNSPR	-0.0008	NON-ANTIGEN
ASKKPRQKR	-0.1717	NON-ANTIGEN
GGNYNYLYR	0.0647	NON-ANTIGEN
KVGGNYNYLYR	0.1971	NON-ANTIGEN
RVQPTESIVR	0.1411	NON-ANTIGEN
FASVYAWNR	0.0713	NON-ANTIGEN
RSSSRSRNSSR	1.1108	ANTIGEN
RSGARSKQR	1.7874	ANTIGEN
SSSRSRNSSR	0.9407	ANTIGEN
QIGYYRRATR	0.7620	ANTIGEN
LQFAYANRNR	1.4896	ANTIGEN
CFVLAAVYR	1.0909	ANTIGEN
QFAYANRNR	1.1961	ANTIGEN
NVYADSFVIR	-0.3210	NON-ANTIGEN
AYNVTQAFGRR	0.2566	NON-ANTIGEN
NYLYRLFRK	-0.8611	NON-ANTIGEN
SQCVNLTTR	1.5476	ANTIGEN
YYKLGASQR	0.9181	ANTIGEN
YGSFCTQLNR	0.9565	ANTIGEN
KGFYAEGSR	-0.3722	NON-ANTIGEN
RNSTPGSSR	0.7535	ANTIGEN
SSRNSTPGSSR	0.7291	ANTIGEN
CLLQFAYANR	0.7585	ANTIGEN
VQIDRLITGR	-0.6679	NON-ANTIGEN
VGGNYNYLYR	0.3204	NON-ANTIGEN
GAVILRGHLR	0.6686	ANTIGEN
TGSNVFQTR	0.6003	ANTIGEN
QYGSFCTQLNR	1.2595	ANTIGEN
ASSRSSSRSR	1.0631	ANTIGEN
AALALLLLDR	0.7534	ANTIGEN
HLRIAGHHLGR	0.1062	NON-ANTIGEN
QTYVTQQLIR	-0.4929	NON-ANTIGEN
SQASSRSSSR	0.8602	ANTIGEN
RSGARSKQRR	1.0655	ANTIGEN
GSSRGTSPAR	0.7802	ANTIGEN
QTQTNSPRR	-0.3580	NON-ANTIGEN
RGGSQASSR	0.8611	ANTIGEN
KSAAEASKKPR	0.8184	ANTIGEN
QTQTNSPRRAR	0.0526	NON-ANTIGEN
QASSRSSSR	0.8294	ANTIGEN
SYQTQTNSPRR	-0.0983	NON-ANTIGEN
NGVGYQPYR	0.6320	ANTIGEN
YQTQTNSPR	-0.1787	NON-ANTIGEN
KMKDLSPRWYF	1.4317	ANTIGEN
CTFEYVSQPF	0.2678	NON-ANTIGEN
NGTHWFVTQR	0.1069	NON-ANTIGEN
DSGFAAYSR	1.1733	ANTIGEN
NVTQAFGRR	0.0331	NON-ANTIGEN
DLPIGINITR	1.8171	ANTIGEN
NTPKDHIGTR	-0.5461	NON-ANTIGEN
ELVIGAVILR	0.9998	ANTIGEN
FLPFQQFGR	0.4802	NON-ANTIGEN
YNVTQAFGR	-0.1100	NON-ANTIGEN
TYVTQQLIR	-0.3417	NON-ANTIGEN
DGYFKIYSK	0.3822	NON-ANTIGEN
DGKMKDLSPR	1.2869	ANTIGEN
DGVYFASTEK	0.3846	NON-ANTIGEN
FVIRGDEVR	0.0083	NON-ANTIGEN
DIADTTDAVR	0.8147	ANTIGEN
MSDNGPQNQR	0.4968	NON-ANTIGEN
HVSGTNGTKR	0.8315	ANTIGEN
HVSGTNGTK	1.0956	ANTIGEN
YSTGSNVFQTR	0.4244	NON-ANTIGEN
ELIRQGTDYK	0.0070	NON-ANTIGEN
SAAEASKKPR	0.8859	ANTIGEN
LPIGINITR	1.8215	ANTIGEN
ETQALPQRQK	0.9224	ANTIGEN
DSGFAAYSRYR	1.1195	ANTIGEN
EAGLPYGANK	0.2825	NON-ANTIGEN
TAPAICHDGK	0.0740	NON-ANTIGEN
STGSNQNGER	0.0839	NON-ANTIGEN
NVPLHGTILTR	0.2818	NON-ANTIGEN
PAYTNSFTR	-0.7122	NON-ANTIGEN
NAQALNTLVK	-0.0231	NON-ANTIGEN
STEKSNIIR	-0.6677	NON-ANTIGEN
SAFFGMSR	0.4586	NON-ANTIGEN
DSFVIRGDEVR	-0.1062	NON-ANTIGEN
SSPDDQIGYYR	0.1351	NON-ANTIGEN
EVQIDRLITGR	-0.6836	NON-ANTIGEN
HADQLTPTWR	0.6323	ANTIGEN
FASTEKSNIIR	-0.0634	NON-ANTIGEN
SVVNIQKEIDR	0.0903	NON-ANTIGEN
FGEVFNATR	-0.0302	NON-ANTIGEN
QLIRAAEIR	-0.1101	NON-ANTIGEN
ECVLGQSKR	0.9377	ANTIGEN
YTSALLAGTI	0.4428	NON-ANTIGEN
FTNVYADSFV	-0.5014	NON-ANTIGEN
DISGINASV	0.4155	NON-ANTIGEN
EVFNATRFASV	0.3080	NON-ANTIGEN
EVFNATRFA	0.2087	NON-ANTIGEN
NVTWFHAIHV	0.9051	ANTIGEN
NTASWFTALT	0.1421	NON-ANTIGEN
ETNILLNVPL	-0.1953	NON-ANTIGEN
FAAYSRYRI	0.8787	ANTIGEN
DIADTTDAV	1.0904	ANTIGEN
TASWFTALT	0.2451	NON-ANTIGEN
DVNCTEVPV	1.2391	ANTIGEN
SSNFGAISSV	1.0192	ANTIGEN
NATNVVIKV	0.6726	ANTIGEN
DISGINASVV	0.6020	ANTIGEN
NSYECDIPI	0.2216	NON-ANTIGEN
STASALGKL	0.5357	ANTIGEN
NTFVSGNCDV	-0.5646	NON-ANTIGEN
EVFAQVKQI	0.2447	NON-ANTIGEN
EVAKNLNESL	-0.0432	NON-ANTIGEN
DITPCSFGGV	1.7401	ANTIGEN
SSSGWTAGA	0.1148	NON-ANTIGEN
SSSDNIALLV	0.3076	NON-ANTIGEN
CVNFNFNGL	1.7985	ANTIGEN
EGFNCYFPL	0.5453	ANTIGEN
NTSNQVAVL	0.4987	NON-ANTIGEN
NGIGVTQNV	0.7038	ANTIGEN
WTFGAGAALQI	0.6112	ANTIGEN
FTVEKGIYQT	0.0187	NON-ANTIGEN
NAQALNTLV	0.0423	NON-ANTIGEN
ESIVRFPNI	-0.1429	NON-ANTIGEN
SSSDNIALL	0.3755	NON-ANTIGEN
QVAVLYQDV	0.2650	NON-ANTIGEN
FSNVTWFHA	0.8156	ANTIGEN
AAAYYVGYL	0.4605	NON-ANTIGEN
TSALLAGTI	0.4292	NON-ANTIGEN
CSFGGVSVI	1.2630	ANTIGEN
ITNLCPFGEV	0.8724	ANTIGEN
EVTPSGTWL	0.4548	NON-ANTIGEN
WSFNPETNI	0.7550	ANTIGEN
DSLSSTASA	0.5231	ANTIGEN
QSAPHGVVFL	0.2898	NON-ANTIGEN
DSSSGWTAGA	0.2799	NON-ANTIGEN
SPRRARSVA	0.7729	ANTIGEN
SPRWYFYYL	0.7340	ANTIGEN
KPRQKRTAT	0.2029	NON-ANTIGEN
SPRRARSV	0.6844	ANTIGEN
SPRRARSVAS	0.5591	ANTIGEN
YPDKVFRSSV	-0.4456	NON-ANTIGEN
LPQGFSAL	0.4802	NON-ANTIGEN
YPDKVFRSSVL	-0.2341	NON-ANTIGEN
FPQSAPHGVV	-0.0492	NON-ANTIGEN
KPFERDISTEI	-0.2866	NON-ANTIGEN
LPQGFSALEPL	0.6876	ANTIGEN
LPVSMTKTSV	1.2574	ANTIGEN
RARSVASQSI	0.5460	ANTIGEN
APSASAFFGM	0.3290	NON-ANTIGEN
RPQGLPNNTA	0.5551	ANTIGEN
QPYRVVVLSF	0.8458	ANTIGEN
KPRQKRTATKA	0.0596	NON-ANTIGEN
APRITFGGPS	0.6584	ANTIGEN
KPSKRSFIEDL	0.0532	NON-ANTIGEN
TPINLVRDL	0.3862	NON-ANTIGEN
KPSKRSFI	0.6473	ANTIGEN
VPVAIHADQL	0.1766	NON-ANTIGEN
GPKKSTNLV	0.6828	ANTIGEN
TPCSFGGVSV	1.7080	ANTIGEN
VPLHGTIL	0.0072	NON-ANTIGEN
RPLLESEL	0.0317	NON-ANTIGEN
FPQSAPHGV	-0.0058	NON-ANTIGEN
RPLLESELVI	0.2055	NON-ANTIGEN
NPANNAAIVL	0.5985	ANTIGEN
QPYRVVVL	0.5378	ANTIGEN
FPRGQGVPINT	0.4107	NON-ANTIGEN
KPRQKRTA	0.3307	NON-ANTIGEN
GPQNQRNAPRI	0.6469	ANTIGEN
YLQPRTFL	0.1771	NON-ANTIGEN
INITRFQTL	0.3934	NON-ANTIGEN
LLFNKVTL	0.5290	ANTIGEN
YRLFRKSNL	0.0522	NON-ANTIGEN
FIKQYGDCL	-0.4436	NON-ANTIGEN
LALHRSYL	0.2780	NON-ANTIGEN
ESNKKFLPF	1.0278	ANTIGEN
RLFRKSNL	0.2128	NON-ANTIGEN
YQPYRVVVL	0.5964	ANTIGEN
