	peptide	length	immunogenicity_score
0	KSNIIRGWIF	10	0.60842
1	KWPWYIWLGF	10	0.56424
2	NVTWFHAIHV	10	0.54904
3	SSGWTAGAAAY	11	0.4355
4	RINWITGGI	9	0.43533
5	SNVTWFHAI	9	0.42852
6	YIKWPWYIW	9	0.42524
7	DSFVIRGDEVR	11	0.42204
8	DLPIGINITR	10	0.42183
9	WPWYIWLGF	9	0.41673
10	FSNVTWFHA	9	0.40345
11	LIFLWLLWPV	10	0.40176
12	VTWFHAIHV	9	0.38925
13	LPIGINITRF	10	0.38888
14	YIWLGFIAGL	10	0.38584
15	NGTHWFVTQR	10	0.37879
16	RSFIEDLLFNK	11	0.3648
17	ELVIGAVILR	10	0.36312
18	KNLREFVFK	9	0.35942
19	LSPRWYFYY	9	0.35734
20	APRITFGGPS	10	0.35654
21	VSNGTHWFV	9	0.35559
22	FLFLTWICL	9	0.35397
23	FLFLTWICLL	10	0.35364
24	GTHWFVTQR	9	0.35133
25	ITSGWTFGA	9	0.35124
26	SELVIGAVIL	10	0.34997
27	NLCPFGEVFNA	11	0.34972
28	NLVIGFLFL	9	0.34956
29	TASWFTALT	9	0.34627
30	KLIFLWLLW	9	0.34287
31	SPRWYFYYL	9	0.34101
32	LEQWNLVIGF	10	0.33917
33	FIAGLIAIVM	10	0.33887
34	KSNIIRGW	8	0.33874
35	LPIGINITR	9	0.33581
36	EVQIDRLITGR	11	0.33536
37	IWLGFIAGLI	10	0.33305
38	QLIRAAEIR	9	0.33247
39	LFLTWICLL	9	0.32446
40	MAYRFNGIGV	10	0.3226
41	IWLGFIAGL	9	0.3226
42	WLGFIAGLI	9	0.31735
43	WITGGIAIA	9	0.31576
44	QLTPTWRVY	9	0.31555
45	QYIKWPWYIW	10	0.31425
46	FLWLLWPVTL	10	0.31272
47	FPREGVFVS	9	0.31233
48	RNRFLYIIK	9	0.3104
49	KVTLADAGFIK	11	0.3077
50	LVIGFLFLTW	10	0.30402
51	VTLADAGFIK	10	0.30393
52	LAGTITSGWTF	11	0.29788
53	ASFRLFARTR	10	0.29647
54	FVSNGTHWFV	10	0.29638
55	LESELVIGAVI	11	0.29509
56	GTITVEELK	9	0.29473
57	HLRIAGHHLGR	11	0.29421
58	IIWVATEGA	9	0.29238
59	VVIGIVNNTVY	11	0.29159
60	SIAIPTNFTI	10	0.28901
61	SGWTAGAAAYY	11	0.28785
62	SSSGWTAGA	9	0.28546
63	VQIDRLITGR	10	0.28296
64	TLADAGFIK	9	0.28158
65	ASVYAWNRK	9	0.28107
66	QWNLVIGFLF	10	0.28076
67	KPFERDISTEI	11	0.27588
68	GTWLTYTGAIK	11	0.27542
69	SGWTAGAAAY	10	0.27477
70	RSFIEDLLF	9	0.27446
71	WLLWPVTLA	9	0.27363
72	FLWLLWPVT	9	0.27321
73	LVIGFLFLT	9	0.27318
74	FIAGLIAIV	9	0.27206
75	KAHFPREGV	9	0.27052
76	FVLAAVYRINW	11	0.26773
77	HLRIAGHHL	9	0.26692
78	SQSIIAYTM	9	0.26621
79	FIAGLIAIVMV	11	0.26122
80	LVIGAVILR	9	0.2601
81	DLSPRWYFY	9	0.25933
82	SVTTEILPV	9	0.2586
83	VVIGIVNNTV	10	0.25823
84	FVIRGDEVR	9	0.25778
85	SELVIGAVI	9	0.25658
86	FASVYAWNRK	10	0.25563
87	LPKEITVAT	9	0.25459
88	FLWLLWPV	8	0.24909
89	LWLLWPVTL	9	0.24802
90	VLAAVYRINW	10	0.24593
91	MESEFRVY	8	0.24461
92	VIGFLFLTW	9	0.24152
93	TPSGTWLTY	9	0.24003
94	GAVILRGHLR	10	0.23964
95	SFIEDLLFNK	10	0.23933
96	NTASWFTALT	10	0.23901
97	FGEVFNATR	9	0.23765
98	QIITTDNTFV	10	0.23673
99	CVNFNFNGL	9	0.23394
100	ESIVRFPNI	9	0.2322
101	NSIAIPTNF	9	0.23071
102	VIGIVNNTVY	10	0.22961
103	RAAEIRASA	9	0.22813
104	NTASWFTAL	9	0.22775
105	NVPLHGTILTR	11	0.22614
106	NLCPFGEVF	9	0.22586
107	IASFRLFAR	9	0.22572
108	GEVFNATRF	9	0.22473
109	SFRLFARTR	9	0.22283
110	FLYIIKLIFL	10	0.2226
111	GVVFLHVTYV	10	0.22136
112	NQRNAPRITF	10	0.22131
113	NGVEGFNCY	9	0.22039
114	YLGTGPEAGL	10	0.21933
115	EVFNATRFA	9	0.21821
116	YYRRATRRI	9	0.21744
117	QYIKWPWYI	9	0.21624
118	VEAEVQIDRL	10	0.21509
119	YSRYRIGNY	9	0.21358
120	IVNNATNVVIK	11	0.21245
121	LSYFIASFR	9	0.21181
122	NPANNAAIVL	10	0.21126
123	VPLHGTIL	8	0.21081
124	KLLEQWNLVI	10	0.20872
125	GVVFLHVTY	9	0.20837
126	QSAPHGVVFL	10	0.20814
127	LAAVYRINW	9	0.2079
128	YEQYIKWPWY	10	0.20685
129	FERDISTEIY	10	0.20642
130	EVFNATRFASV	11	0.20435
131	FASVYAWNR	9	0.20423
132	TNSFTRGVY	9	0.20334
133	KLPDDFTGC	9	0.20308
134	KLPDDFTGCVI	11	0.20264
135	VPVAIHADQL	10	0.20174
136	GYYRRATRR	9	0.20111
137	WTFGAGAAL	9	0.19798
138	SYFIASFRLF	10	0.19632
139	VIGIVNNTV	9	0.19625
140	NLREFVFKNI	10	0.19617
141	AIPTNFTISV	10	0.19536
142	AYSRYRIGNY	10	0.19528
143	ILRGHLRIA	9	0.1934
144	NSFTRGVYY	9	0.19204
145	LPDDFTGCVI	10	0.19184
146	AYANRNRFLY	10	0.19133
147	GWTAGAAAYY	10	0.19076
148	LPFFSNVTWF	10	0.18944
149	DIADTTDAVR	10	0.18864
150	KLPDDFTGCV	10	0.18796
151	LLWPVTLACFV	11	0.18767
152	LACFVLAAV	9	0.18594
153	TTAPAICHDGK	11	0.18571
154	IAIPTNFTI	9	0.18523
155	YANRNRFLY	9	0.18472
156	QMAYRFNGI	9	0.18392
157	SYFIASFRL	9	0.18333
158	RMAGNGGDAAL	11	0.18326
159	TAPAICHDGK	10	0.18184
160	VLPFNDGVY	9	0.1815
161	KLLEQWNLV	9	0.18092
162	LQPRTFLLK	9	0.18064
163	NTQEVFAQVK	10	0.18054
164	NFKNLREFVF	10	0.18026
165	LQFAYANRNRF	11	0.17907
166	NTQEVFAQV	9	0.17889
167	GTITVEELKK	10	0.17885
168	ASVYAWNRKR	10	0.17507
169	LYIIKLIFLW	10	0.17392
170	NSYECDIPI	9	0.17377
171	NPVLPFNDGVY	11	0.17274
172	IPTNFTISV	9	0.17229
173	VFKNIDGYFK	10	0.17187
174	AYNVTQAFGRR	11	0.17158
175	SANNCTFEYV	10	0.16923
176	IITTDNTFV	9	0.16833
177	INITRFQTL	9	0.16778
178	GLMWLSYFIA	10	0.16707
179	FVSNGTHWF	9	0.16605
180	FCNDPFLGVY	10	0.1657
181	SVYAWNRKR	9	0.16546
182	QPYRVVVL	8	0.16478
183	CNDPFLGVYY	10	0.16382
184	IPIGAGICASY	11	0.16361
185	GTITSGWTF	9	0.16268
186	VQPTESIVRF	10	0.16222
187	NYLYRLFRK	9	0.16168
188	VLSFELLHA	9	0.1607
189	ANRNRFLYI	9	0.15937
190	KEIDRLNEV	9	0.15852
191	QIGYYRRATR	10	0.1585
192	QIITTDNTF	9	0.15816
193	SWMESEFRVY	10	0.15815
194	TLACFVLAAV	10	0.15809
195	FTGCVIAW	8	0.15525
196	WTAGAAAYYV	10	0.15455
197	MQMAYRFNGI	10	0.15371
198	FTISVTTEIL	10	0.15353
199	WTAGAAAYY	9	0.15259
200	CNDPFLGVY	9	0.15232
201	TPCNGVEGF	9	0.15215
202	WLSYFIASFR	10	0.15179
203	GTGPEAGLPY	10	0.1515
204	SSDNIALLV	9	0.15128
205	LLWPVTLAC	9	0.15098
206	DIADTTDAV	9	0.15094
207	IGYYRRATR	9	0.1499
208	FNATRFASV	9	0.14872
209	RMAGNGGDAA	10	0.14698
210	LLAGTITSG	9	0.14598
211	LQFAYANRNR	10	0.14568
212	QELIRQGTDY	10	0.14554
213	GLIAIVMVTI	10	0.14459
214	LLQFAYANR	9	0.14406
215	WSFNPETNI	9	0.14392
216	LNKHIDAYK	9	0.14389
217	QPTESIVRF	9	0.14261
218	WMESEFRVY	9	0.14153
219	SSANNCTFEY	10	0.14123
220	WTFGAGAALQI	11	0.14109
221	REFVFKNIDGY	11	0.14104
222	YQPYRVVVL	9	0.1409
223	FVLAAVYRI	9	0.13985
224	LLIVNNATNV	10	0.13795
225	LYIIKLIFL	9	0.1374
226	YLQPRTFL	8	0.13698
227	AVILRGHLR	9	0.13516
228	YLQPRTFLLK	10	0.1338
229	EVTPSGTWLTY	11	0.13297
230	SANNCTFEY	9	0.13273
231	ETNILLNVPL	10	0.13249
232	LLAGTITSGW	10	0.13092
233	KTFPPTEPK	9	0.1306
234	YLQPRTFLL	9	0.1305
235	QLNRALTGI	9	0.1302
236	FCNDPFLGV	9	0.13006
237	LLWPVTLACF	10	0.12982
238	IGIVNNTVY	9	0.12923
239	FIEDLLFNK	9	0.1286
240	VVFLHVTYV	9	0.1278
241	GLIAIVMVT	9	0.12695
242	KLNDLCFTNVY	11	0.12612
243	SMWSFNPETNI	11	0.12556
244	TLACFVLAA	9	0.12481
245	QSAPHGVVF	9	0.1239
246	VTPSGTWLTY	10	0.12256
247	FIASFRLFAR	10	0.12185
248	VTLACFVLA	9	0.12183
249	NVYADSFVIR	10	0.12147
250	TPINLVRDL	9	0.12139
251	AQKFNGLTVL	10	0.12094
252	ITNLCPFGEV	10	0.12074
253	AALQIPFAM	9	0.12066
254	TQLNRALTGI	10	0.12051
255	TAGAAAYYV	9	0.12002
256	AYNVTQAFGR	10	0.11987
257	TWLTYTGAI	9	0.11986
258	LPFNDGVY	8	0.11983
259	RIAGHHLGR	9	0.11919
260	FLPFFSNVTW	10	0.11853
261	WLSYFIASF	9	0.11822
262	KSFTVEKGIY	10	0.11812
263	DSSSGWTAGA	10	0.11789
264	LPFNDGVYF	9	0.11767
265	RFLYIIKLIF	10	0.11728
266	HWFVTQRNFY	10	0.1162
267	TGKIADYNY	9	0.116
268	FQPTNGVGY	9	0.1157
269	FLHVTYVPA	9	0.11472
270	YSSANNCTFEY	11	0.11441
271	NATRFASVYAW	11	0.11428
272	SSSDNIALL	9	0.11414
273	ATEGALNTPK	10	0.11409
274	KAYNVTQAFGR	11	0.11292
275	SSSDNIALLV	10	0.11291
276	LNDLCFTNVY	10	0.11274
277	ELLHAPATV	9	0.11231
278	RLFARTRSM	9	0.11133
279	TITVEELKK	9	0.11053
280	CFVLAAVYR	9	0.10985
281	FPRGQGVPINT	11	0.1094
282	KEITVATSRTL	11	0.10899
283	FQFCNDPFLGV	11	0.10889
284	KSWMESEFRVY	11	0.1071
285	RVAGDSGFAAY	11	0.10638
286	SWMESEFRV	9	0.10594
287	FAYANRNRF	9	0.10537
288	FERDISTEI	9	0.10425
289	DVNCTEVPV	9	0.10406
290	DSGFAAYSR	9	0.10395
291	LFLPFFSNVTW	11	0.10357
292	NVTQAFGRR	9	0.10318
293	RFASVYAWNR	10	0.10282
294	FPNITNLCPF	10	0.1009
295	KNIDGYFKIY	10	0.10088
296	VFKNIDGYF	9	0.10041
297	NATRFASVY	9	0.10001
298	GAAAYYVGY	9	0.09963
299	KGFYAEGSR	9	0.09857
300	YTNSFTRGVYY	11	0.09821
301	DGVYFASTEK	10	0.09731
302	DLFLPFFSNV	10	0.09684
303	VYADSFVIR	9	0.09672
304	LAGTITSGW	9	0.09638
305	KLNDLCFTNV	10	0.0961
306	YNVTQAFGR	9	0.09509
307	LPAADLDDF	9	0.09491
308	LIVNNATNVV	10	0.09389
309	YNYLYRLFR	9	0.0918
310	APSASAFFGM	10	0.09147
311	FLPFFSNVT	9	0.09113
312	GVYFASTEK	9	0.09023
313	RFPNITNLCPF	11	0.08857
314	LPPLLTDEM	9	0.0882
315	ASANLAATK	9	0.08792
316	FTRGVYYPDK	10	0.08762
317	NYNYLYRLFR	10	0.08754
318	DSGFAAYSRYR	11	0.08719
319	AQKFNGLTV	9	0.08672
320	HAPATVCGPK	10	0.08514
321	ITDAVDCAL	9	0.08501
322	IVNNATNVV	9	0.08469
323	YTNSFTRGVY	10	0.08467
324	AEVQIDRLI	9	0.08452
325	SSPDDQIGYYR	11	0.08374
326	YQDVNCTEV	9	0.08295
327	FQTRAGCLI	9	0.0827
328	ANQFNSAIGK	10	0.08175
329	QFAYANRNR	9	0.08089
330	AAYSRYRIGNY	11	0.07963
331	SSPDDQIGYY	10	0.07924
332	LIAIVMVTI	9	0.07904
333	TSALLAGTI	9	0.07885
334	IGAEHVNNSY	10	0.07694
335	SSNFGAISSV	10	0.0758
336	TEKSNIIRGW	10	0.07559
337	MEVTPSGTWL	10	0.07464
338	LMWLSYFIA	9	0.07272
339	AARDLICAQK	10	0.07251
340	NATNVVIKV	9	0.07147
341	VAGDSGFAAY	10	0.0713
342	AAAYYVGYL	9	0.07068
343	ATRFASVYAW	10	0.0702
344	GMSRIGMEV	9	0.07018
345	HSTQDLFLPFF	11	0.06944
346	HADQLTPTWR	10	0.06938
347	GFQPTNGVGY	10	0.06928
348	LADAGFIKQY	10	0.06917
349	YFIASFRLF	9	0.06887
350	ELIRQGTDYK	10	0.06858
351	SPDDQIGYY	9	0.06844
352	STQDLFLPF	9	0.06828
353	FIASFRLFA	9	0.06799
354	EGFNCYFPL	9	0.06783
355	RVQPTESIVR	10	0.06725
356	VFVSNGTHWF	10	0.06689
357	LWPVTLACF	9	0.06682
358	NASVVNIQK	9	0.06659
359	LIVNNATNV	9	0.0664
360	PFFSNVTWF	9	0.06627
361	LTWICLLQF	9	0.06584
362	YEQYIKWPW	9	0.06574
363	LLNVPLHGT	9	0.0653
364	GLMWLSYFI	9	0.06464
365	QPYRVVVLSF	10	0.06412
366	HVSGTNGTK	9	0.06339
367	IAIVMVTIM	9	0.06312
368	FVFKNIDGYFK	11	0.06308
369	SQCVNLTTR	9	0.06274
370	SMWSFNPET	9	0.06248
371	IGAGICASY	9	0.06201
372	MSLGAENSVAY	11	0.06177
373	RASANLAATK	10	0.0611
374	MSLGAENSV	9	0.06073
375	SPRRARSVAS	10	0.05935
376	WIFGTTLDSK	10	0.05932
377	RFLYIIKLI	9	0.05908
378	CLLQFAYANR	10	0.0577
379	FQFCNDPFL	9	0.05737
380	ILLNVPLHGT	10	0.05595
381	LPNNTASWF	9	0.05582
382	LPQGFSALEPL	11	0.05508
383	LQPRTFLLKY	10	0.05448
384	NGIGVTQNV	9	0.0525
385	NLNESLIDL	9	0.05239
386	YTSALLAGTI	10	0.05218
387	LLTDEMIAQY	10	0.05204
388	WFVTQRNFY	9	0.05132
389	ATRFASVYA	9	0.04965
390	KSFTVEKGI	9	0.04931
391	RYRIGNYKL	9	0.04851
392	GYLQPRTFLL	10	0.0483
393	RQIAPGQTGK	10	0.04829
394	HWFVTQRNF	9	0.0482
395	SLIDLQELGK	10	0.04661
396	EAGLPYGANK	10	0.04658
397	AQALNTLVK	9	0.04654
398	LPFFSNVTW	9	0.04613
399	RVVVLSFEL	9	0.04571
400	YTNSFTRGV	9	0.04545
401	FTISVTTEI	9	0.04473
402	QTVTLLPAA	9	0.04472
403	SLGAENSVAY	10	0.04354
404	AGLPYGANK	9	0.04278
405	ITRFQTLLA	9	0.0425
406	FVFLVLLPL	9	0.04076
407	VVLSFELLHA	10	0.04053
408	DISGINASV	9	0.04027
409	SPRRARSVA	9	0.0402
410	AGDSGFAAY	9	0.03981
411	YGANKDGIIW	10	0.03977
412	NQFNSAIGK	9	0.03934
413	MADSNGTITV	10	0.03897
414	SSVLNDILSR	10	0.0368
415	NESLIDLQEL	10	0.03664
416	NAQALNTLVK	10	0.03597
417	HVTYVPAQEK	10	0.03585
418	EVTPSGTWL	9	0.03442
419	SVVNIQKEIDR	11	0.03322
420	KQYGDCLGDI	10	0.03312
421	YIIKLIFLW	9	0.033
422	ASAFFGMSR	9	0.03154
423	PYRVVVLSF	9	0.03138
424	SVLNDILSR	9	0.03075
425	RPLLESELVI	10	0.03065
426	SQRVAGDSGF	10	0.0305
427	LEPLVDLPI	9	0.03048
428	GTGVLTESNK	10	0.03039
429	VLNDILSRLDK	11	0.03024
430	VLNDILSRL	9	0.03
431	FVFLVLLPLV	10	0.02996
432	CSFGGVSVI	9	0.02846
433	KVGGNYNYL	9	0.0277
434	LTDEMIAQY	9	0.02757
435	VTYVPAQEK	9	0.02711
436	GTRNPANNA	9	0.02708
437	NVYADSFVI	9	0.02696
438	RFQTLLALHR	10	0.02623
439	DISGINASVV	10	0.02503
440	GANKDGIIW	9	0.02448
441	QPRTFLLKY	9	0.02406
442	FTNVYADSFV	10	0.0236
443	VVLSFELLH	9	0.02234
444	SVLNDILSRL	10	0.02127
445	GIAIAMACL	9	0.02094
446	KVGGNYNYLY	10	0.01951
447	KYEQYIKWPW	10	0.0194
448	ALALLLLDRL	10	0.01846
449	NSSPDDQIGYY	11	0.01726
450	YTSALLAGT	9	0.01725
451	NYNYLYRLF	9	0.0171
452	GLTVLPPLL	9	0.01706
453	RLDKVEAEV	9	0.01617
454	SPRRARSV	8	0.01608
455	TGSNVFQTR	9	0.01511
456	KVGGNYNYLYR	11	0.0139
457	RFDNPVLPF	9	0.01291
458	KTFPPTEPKK	10	0.01273
459	NQKLIANQF	9	0.01213
460	FIEDLLFNKV	10	0.01196
461	RPLLESEL	8	0.01151
462	NAQALNTLV	9	0.01116
463	FLPFQQFGR	9	0.01096
464	LGAENSVAY	9	0.00912
465	NTPKDHIGTR	10	0.00906
466	AMACLVGLM	9	0.00863
467	GQTGKIADY	9	0.00796
468	YLQPRTFLLKY	11	0.00764
469	TLKSFTVEK	9	0.00741
470	AALALLLLDR	10	0.00733
471	AEIRASANL	9	0.00689
472	IGMEVTPSGTW	11	0.0065
473	LTDEMIAQYT	10	0.00346
474	KMKDLSPRWYF	11	0.00312
475	VTQNVLYENQK	11	0.0028
476	SGFAAYSRY	9	0.00261
477	TLLALHRSY	9	0.00244
478	MWLSYFIASF	10	0.00197
479	CFTNVYADSF	10	0.00158
480	FVSGNCDVVI	10	0.00144
481	HSTQDLFLPF	10	0.0012
482	SASAFFGMSR	10	0.00071
483	SNFGAISSV	9	-0.0008
484	GIAIAMACLV	10	-0.00143
485	TMSLGAENSV	10	-0.00163
486	FPRGQGVPI	9	-0.00164
487	AIHADQLTPTW	11	-0.00227
488	SGFAAYSRYR	10	-0.00234
489	PAYTNSFTR	9	-0.00269
490	IANQFNSAIGK	11	-0.00311
491	KFLPFQQFGR	10	-0.004
492	GVFVSNGTHW	10	-0.0043
493	GINASVVNIQK	11	-0.00488
494	FTNVYADSF	9	-0.00527
495	KAYNVTQAF	9	-0.00587
496	LLNKHIDAYK	10	-0.00626
497	AVDCALDPL	9	-0.00715
498	FTVEKGIYQT	10	-0.00837
499	FVFKNIDGYF	10	-0.00838
500	QTLLALHRSY	10	-0.00999
501	RLNEVAKNL	9	-0.0101
502	KSWMESEFR	9	-0.01013
503	FSQILPDPSK	10	-0.01042
504	CEFQFCNDPF	10	-0.01091
505	LPQGFSAL	8	-0.01221
506	SSQCVNLTTR	10	-0.01295
507	TSNQVAVLY	9	-0.01327
508	LIRQGTDYK	9	-0.01366
509	RPQGLPNNTA	10	-0.01397
510	LLLDRLNQL	9	-0.01446
511	VGGNYNYLY	9	-0.0148
512	VGGNYNYLYR	10	-0.02041
513	LLNKHIDAY	9	-0.02074
514	FVFKNIDGY	9	-0.0215
515	ILLNKHIDAY	10	-0.02175
516	VLYQDVNCTEV	11	-0.02175
517	QIAPGQTGK	9	-0.02194
518	QQQGQTVTK	9	-0.02224
519	FTALTQHGK	9	-0.0226
520	YYVGYLQPRTF	11	-0.02378
521	QTGKIADYNY	10	-0.02432
522	IAMACLVGL	9	-0.02593
523	LLLLDRLNQL	10	-0.02634
524	GGNYNYLYR	9	-0.02712
525	QTGKIADYNYK	11	-0.0278
526	RISNCVADY	9	-0.02787
527	RLFARTRSMW	10	-0.02793
528	KLIANQFNSA	10	-0.02845
529	QLPQGTTLPK	10	-0.02866
530	CLVGLMWLSY	10	-0.03181
531	LQIPFAMQM	9	-0.03301
532	KRVDFCGKGY	10	-0.03308
533	LPPAYTNSF	9	-0.03341
534	STEKSNIIRGW	11	-0.03354
535	FVSGNCDVV	9	-0.03381
536	INASVVNIQK	10	-0.03482
537	LQLPQGTTLPK	11	-0.03606
538	TLLALHRSYL	10	-0.03659
539	IYQTSNFRV	9	-0.03669
540	IGVTQNVLY	9	-0.03807
541	YGFQPTNGV	9	-0.03848
542	IHADQLTPTW	10	-0.03872
543	RTQLPPAYT	9	-0.03914
544	RLITGRLQSL	10	-0.0392
545	LQLPQGTTL	9	-0.04022
546	KLQDVVNQNA	10	-0.04251
547	KPSKRSFIEDL	11	-0.04466
548	QVAVLYQDV	9	-0.04484
549	AYYVGYLQPR	10	-0.04494
550	YSTGSNVFQTR	11	-0.04538
551	QLPPAYTNSF	10	-0.04584
552	HVSGTNGTKR	10	-0.04944
553	YSSANNCTF	9	-0.04954
554	CALDPLSETK	10	-0.05143
555	IEDLLFNKVTL	11	-0.05254
556	SSRGTSPAR	9	-0.05353
557	DITPCSFGGV	10	-0.05356
558	GINASVVNI	9	-0.05391
559	FPQSAPHGVVF	11	-0.05441
560	QGLPNNTASW	10	-0.05446
561	GPQNQRNAPRI	11	-0.0551
562	TQLPPAYTNSF	11	-0.05664
563	KMKDLSPRWY	10	-0.05692
564	RVDFCGKGY	9	-0.0578
565	LLALHRSYL	9	-0.06002
566	LVRDLPQGF	9	-0.06008
567	ITPCSFGGV	9	-0.06035
568	TVYDPLQPEL	10	-0.06038
569	QTQTNSPRRAR	11	-0.06148
570	SSTASALGK	9	-0.06186
571	MEVTPSGTW	9	-0.06279
572	ALDPLSETK	9	-0.06331
573	SQILPDPSK	9	-0.0639
574	QTNSPRRAR	9	-0.06411
575	RQKRTATKAY	10	-0.06462
576	TTRTQLPPAY	10	-0.06468
577	QLSSNFGAI	9	-0.06481
578	GFAAYSRYR	9	-0.06574
579	TPCSFGGVSV	10	-0.06689
580	NTSNQVAVLY	10	-0.06762
581	DGYFKIYSK	9	-0.0679
582	SLIDLQELGKY	11	-0.06842
583	MACLVGLMW	9	-0.06852
584	LVGLMWLSY	9	-0.06867
585	KCYGVSPTK	9	-0.06931
586	HADQLTPTW	9	-0.0703
587	YYVGYLQPR	9	-0.07078
588	VASQSIIAY	9	-0.0709
589	YGSFCTQLNR	10	-0.07278
590	GSSRGTSPAR	10	-0.07305
591	LPNNTASW	8	-0.0736
592	KQIYKTPPIK	10	-0.07476
593	QTYVTQQLIR	10	-0.0753
594	TDEMIAQY	8	-0.07553
595	VFVSNGTHW	9	-0.07581
596	FAAYSRYRI	9	-0.07628
597	KSNLKPFER	9	-0.0764
598	NGVGYQPYR	9	-0.07666
599	NTSNQVAVL	9	-0.07701
600	KSAAEASKK	9	-0.07922
601	LALHRSYL	8	-0.0795
602	LQTYVTQQL	9	-0.07982
603	TTRTQLPPA	9	-0.08322
604	CTFEYVSQPF	10	-0.08462
605	YVTQQLIRA	9	-0.08464
606	SAFFGMSRI	9	-0.08588
607	STGSNVFQTR	10	-0.08645
608	NTFVSGNCDV	10	-0.08719
609	ITVATSRTLSY	11	-0.08961
610	LSSTASALGK	10	-0.09037
611	VYYPDKVFR	9	-0.09052
612	SLQTYVTQQL	10	-0.09084
613	LFARTRSMW	9	-0.09092
614	AMACLVGLMW	10	-0.09221
615	FPQSAPHGVV	10	-0.0936
616	GVYYPDKVFR	10	-0.09388
617	VLYQDVNCT	9	-0.09426
618	NSASFSTFK	9	-0.09434
619	CVADYSVLY	9	-0.09595
620	TTLPKGFYA	9	-0.09622
621	TTEILPVSMTK	11	-0.09623
622	IYKTPPIKDF	10	-0.0963
623	KQGNFKNLR	9	-0.09645
624	STASALGK	8	-0.09751
625	EMIAQYTSA	9	-0.09761
626	LIANQFNSA	9	-0.09853
627	NCYFPLQSY	9	-0.09906
628	LQYGSFCTQL	10	-0.09987
629	GSFCTQLNR	9	-0.10063
630	TYVTQQLIR	9	-0.10098
631	AQYTSALLA	9	-0.10225
632	IYSKHTPINL	10	-0.1033
633	IAIAMACLV	9	-0.10358
634	KIADYNYKL	9	-0.10379
635	FASTEKSNIIR	11	-0.10425
636	LGKYEQYIKW	10	-0.10618
637	KLDDKDPNFK	10	-0.10638
638	LLFNKVTL	8	-0.10689
639	KFLPFQQF	8	-0.10756
640	LITGRLQSL	9	-0.10776
641	GTGVLTESNKK	11	-0.11015
642	AQFAPSASAFF	11	-0.11074
643	KTSVDCTMY	9	-0.11115
644	LPQGTTLPKGF	11	-0.11134
645	LLFNKVTLA	9	-0.11337
646	FSTFKCYGV	9	-0.11367
647	GTTLPKGFY	9	-0.11536
648	LIANQFNSAI	10	-0.11546
649	TSRTLSYYK	9	-0.11595
650	YNSASFSTFK	10	-0.116
651	ATSRTLSYY	9	-0.11604
652	SAFFGMSR	8	-0.11612
653	GIYQTSNFRV	10	-0.11811
654	VYSTGSNVF	9	-0.11871
655	IAMACLVGLMW	11	-0.12079
656	RSVASQSIIAY	11	-0.12177
657	QIYKTPPIK	9	-0.12244
658	QEVFAQVKQIY	11	-0.1263
659	LIDLQELGKY	10	-0.1271
660	VADYSVLY	8	-0.12812
661	RTATKAYNV	9	-0.12831
662	KGIYQTSNFR	10	-0.12831
663	TVATSRTLSY	10	-0.12842
664	FPQSAPHGV	9	-0.12931
665	SIIAYTMSL	9	-0.12935
666	TSVDCTMYI	9	-0.1306
667	AIAMACLVGL	10	-0.1342
668	QTYVTQQLI	9	-0.13514
669	ATSRTLSYYK	10	-0.13563
670	CTLKSFTVEK	10	-0.13782
671	KMSECVLGQSK	11	-0.13857
672	QTQTNSPRR	9	-0.13969
673	TQALPQRQK	9	-0.1423
674	LQELGKYEQY	10	-0.14232
675	RIRGGDGKMK	10	-0.1472
676	KQIYKTPPI	9	-0.14982
677	VLHSTQDLFL	10	-0.15105
678	KSTNLVKNK	9	-0.15163
679	FEYVSQPFLM	10	-0.15168
680	GVYYPDKVF	9	-0.15272
681	AQFAPSASA	9	-0.1528
682	ETQALPQRQK	10	-0.15287
683	VLYENQKLIA	10	-0.15415
684	GVLTESNKK	9	-0.15423
685	QEVFAQVKQI	10	-0.15432
686	MSECVLGQSK	10	-0.15487
687	KTSVDCTMYI	10	-0.15688
688	MSDNGPQNQR	10	-0.15929
689	STEKSNIIR	9	-0.16161
690	SASFSTFKCY	10	-0.1625
691	TYVPAQEKNF	10	-0.16399
692	QELGKYEQY	9	-0.16616
693	SVASQSIIAY	10	-0.16721
694	FEYVSQPFL	9	-0.17076
695	FIKQYGDCL	9	-0.17104
696	MSFPQSAPHGV	11	-0.1723
697	GIYQTSNFR	9	-0.17275
698	VATSRTLSY	9	-0.17295
699	TVATSRTLSYY	11	-0.17336
700	AQFAPSASAF	10	-0.17446
701	QFAPSASAFF	10	-0.17577
702	KQLSSNFGAI	10	-0.17581
703	QYGSFCTQLNR	11	-0.17835
704	YRLFRKSNL	9	-0.1818
705	YNSASFSTF	9	-0.18217
706	AISSVLNDI	9	-0.18291
707	RTRSMWSFN	9	-0.18338
708	EYVSQPFLM	9	-0.18399
709	ALNTLVKQL	9	-0.18466
710	GVYYHKNNK	9	-0.18566
711	FAPSASAFF	9	-0.18628
712	MIAQYTSAL	9	-0.18768
713	QELGKYEQYI	10	-0.18877
714	VLKGVKLHY	9	-0.18916
715	TFEYVSQPF	9	-0.19099
716	KMKDLSPRW	9	-0.19333
717	STGSNQNGER	10	-0.19356
718	ASFSTFKCY	9	-0.19397
719	KVFRSSVLH	9	-0.19839
720	MIAQYTSALL	10	-0.19885
721	EVFAQVKQIYK	11	-0.20411
722	VLYENQKLI	9	-0.20427
723	FAQVKQIYK	9	-0.20494
724	KPRQKRTAT	9	-0.20542
725	YVSQPFLMDL	10	-0.21274
726	SYQTQTNSPRR	11	-0.21469
727	VLHSTQDLF	9	-0.21497
728	MSFPQSAPH	9	-0.21515
729	VYSSANNCTF	10	-0.21728
730	VATSRTLSYY	10	-0.21789
731	EVFAQVKQIY	10	-0.21823
732	YQTQTNSPR	9	-0.21835
733	YYKLGASQR	9	-0.21863
734	KQLSSNFGA	9	-0.21866
735	LQIPFAMQMAY	11	-0.22124
736	STASALGKL	9	-0.22351
737	SYQTQTNSPR	10	-0.22573
738	KPRQKRTA	8	-0.22828
739	RNSTPGSSR	9	-0.22982
740	SVLYNSASF	9	-0.23299
741	RVYSTGSNVF	10	-0.23394
742	CYFPLQSYGF	10	-0.23581
743	QFAPSASAF	9	-0.23949
744	EVAKNLNESL	10	-0.23965
745	RVYSTGSNV	9	-0.24137
746	SPTKLNDLCF	10	-0.24148
747	SEPVLKGVKL	10	-0.24212
748	YPDKVFRSSV	10	-0.24316
749	EVFAQVKQI	9	-0.24625
750	MTKTSVDCTMY	11	-0.25083
751	RTRSMWSF	8	-0.25178
752	TLSYYKLGA	9	-0.25358
753	EILPVSMTK	9	-0.25581
754	FPLQSYGF	8	-0.25614
755	SLSSTASALGK	11	-0.2581
756	SVAYSNNSI	9	-0.26033
757	SLSSTASAL	9	-0.2623
758	YFPLQSYGF	9	-0.26661
759	NLDSKVGGNY	10	-0.27235
760	VFAQVKQIYK	10	-0.27254
761	SALGKLQDV	9	-0.27474
762	YPDKVFRSSVL	11	-0.27643
763	KPSKRSFI	8	-0.27723
764	KPRQKRTATKA	11	-0.27797
765	RSVASQSII	9	-0.27923
766	RARSVASQS	9	-0.27994
767	FAMQMAYRF	9	-0.28061
768	RLFRKSNL	8	-0.28111
769	ALGKLQDVV	9	-0.283
770	VLYNSASFST	10	-0.2843
771	VFAQVKQIY	9	-0.28666
772	STECSNLLLQY	11	-0.28743
773	RLFRKSNLK	9	-0.28759
774	TECSNLLLQY	10	-0.28855
775	RLQSLQTY	8	-0.29115
776	RLQSLQTYV	9	-0.29331
777	VYFASTEKSNI	11	-0.29483
778	LYNSASFSTF	10	-0.29831
779	VLYNSASFSTF	11	-0.29855
780	RLNQLESKM	9	-0.30083
781	RSGARSKQR	9	-0.30464
782	LVKNKCVNF	9	-0.3062
783	ASYQTQTNSPR	11	-0.30715
784	HLMSFPQSA	9	-0.31433
785	VTKKSAAEA	9	-0.31975
786	AQVKQIYKT	9	-0.32024
787	KIYSKHTPI	9	-0.32094
788	RVYSSANNCTF	11	-0.32588
789	IPFAMQMAY	9	-0.32801
790	SSRNSTPGSSR	11	-0.32819
791	RSGARSKQRR	10	-0.33085
792	ESNKKFLPF	9	-0.33474
793	ECVLGQSKR	9	-0.33942
794	VTKKSAAEASK	11	-0.34129
795	SSRSRNSSR	9	-0.34164
796	SMSSADSTQA	10	-0.35112
797	SSSRSRNSSR	10	-0.35469
798	DSLSSTASA	9	-0.35827
799	KSAAEASKKPR	11	-0.36491
800	SYYKLGASQR	10	-0.36647
801	MTSCCSCLK	9	-0.36816
802	ETKCTLKSF	9	-0.37555
803	YLTPGDSSSGW	11	-0.38061
804	LTPGDSSSGW	10	-0.38455
805	TESNKKFLPF	10	-0.38585
806	SAAEASKKPR	10	-0.40103
807	TPGDSSSGW	9	-0.40333
808	LPLVSSQCV	9	-0.40815
809	RQKKQQTVTL	10	-0.41854
810	LLPLVSSQCV	10	-0.42065
811	RARSVASQSI	10	-0.42152
812	GPKKSTNLV	9	-0.4235
813	VLLPLVSSQCV	11	-0.43145
814	EELKKLLEQW	10	-0.43502
815	KIQDSLSSTA	10	-0.45985
816	ILPDPSKPSK	10	-0.4622
817	CMTSCCSCLK	10	-0.46658
818	RGGSQASSR	9	-0.46772
819	VYYHKNNKSW	10	-0.4697
820	ASKKPRQKR	9	-0.47284
821	LVKQLSSNF	9	-0.49649
822	YYHKNNKSW	9	-0.49755
823	FSKQLQQSM	9	-0.50082
824	SETKCTLKSF	10	-0.5082
825	SSRSSSRSR	9	-0.51948
826	RSSSRSRNSSR	11	-0.52284
827	TLDSKTQSL	9	-0.52715
828	ASSRSSSRSR	10	-0.53253
829	LPVSMTKTSV	10	-0.55317
830	QASSRSSSR	9	-0.56178
831	DGKMKDLSPR	10	-0.59164
832	SQASSRSSSR	10	-0.65648
833	QLQQSMSSA	9	-0.71684
